,0,50,100,150,200,250,300,350,400,450,500,550,600,650,700,750,800,850,900,950,1000,1050,1100
0,,,,,,,,,,,,,,,,,,,,,,,
50,,,,,,,,,,,,,,,,,,,,,,,
100,,,,,,,,,,,,,,,,,,,,,,,
150,,,,,,,,,,,,,,,,,,,,,,,
200,,,,,,,,,,,,,,,,,,,,,,,
250,,,,,,,,,,,,,,,,,,,,,,,
300,,,,,,,,,,,,,,,,,,,,,,,
350,,,,,,,,,,,,,,,,,,,,,,,
400,,,,,,,,,,,,,,,,,,,,,,,
450,,,,,,,,,,,,,,,,,,,,,,,
500,,,,,,,,,,,,,,,,,,,,,,,
550,,,,,,,,,,,,,,,,,,,,,,,
600,,,,,,,,,,,,,,,,,,,,,,,
650,,,,,,,,,,,,,,,,,,,,,,,
700,,,,,,,,,,,,,,,0,0,0.0005,0.002,0.004,0.0135,0.006,0.0095,0.009
750,,,,,,,,,,,,,,,0,0,0,0,0,0,0,0,0.015
800,,,,,,,,,,,,,,,0.0005,0,0,0,0,0,0,0,0.0045
850,,,,,,,,,,,,,,,0.002,0,0,0,0,0,0,0,0.012
900,,,,,,,,,,,,,,,0.004,0,0,0,0,0,0,0,0.042
950,,,,,,,,,,,,,,,0.0135,0,0,0,0,0,0,0,0.0035
1000,,,,,,,,,,,,,,,0.006,0,0,0,0,0,0,0,0.0035
1050,,,,,,,,,,,,,,,0.0095,0,0,0,0,0,0,0,0.001
1100,,,,,,,,,,,,,,,0.009,0.015,0.0045,0.012,0.042,0.0035,0.0035,0.001,0
